{
  "models": [
    {
      "id": "allenai/scibert_scivocab_uncased",
      "oof_qwk": 0.6476186484644932,
      "fold_qwks": [
        0.6578639838895382,
        0.6815075240527834,
        0.6320137783709074,
        0.6351882489715615,
        0.6868607567331806
      ],
      "thresholds": [
        1.5982632025909482,
        2.5864685505829073,
        3.647957692262419,
        4.123698252201709
      ]
    },
    {
      "id": "allenai/specter2_base",
      "oof_qwk": 0.6630473553890974,
      "fold_qwks": [
        0.6720660130834311,
        0.6949205317429833,
        0.6605903958645083,
        0.6442498545856994,
        0.7074984212777804
      ],
      "thresholds": [
        1.6433242121759193,
        2.470266138868303,
        3.5073246136079312,
        4.066288063035424
      ]
    },
    {
      "id": "microsoft/deberta-v3-large",
      "oof_qwk": 0.5824089316164349,
      "fold_qwks": [
        0.5539639247324151,
        0.634101220770978,
        0.6146177069437619,
        0.5517475894840029,
        0.6092789562989813
      ],
      "thresholds": [
        1.720699946282168,
        2.664199233550602,
        3.567042288501682,
        4.100998567349567
      ]
    },
    {
      "id": "intfloat/e5-large-v2",
      "oof_qwk": 0.660053127211705,
      "fold_qwks": [
        0.6564012723111392,
        0.6892121472988793,
        0.6545275879781511,
        0.6480303071597939,
        0.6847916886034187
      ],
      "thresholds": [
        1.551123886833967,
        2.581208584598398,
        3.4696089932766627,
        4.226889473457042
      ]
    }
  ],
  "global": {
    "equal_weight_oof_qwk": 0.6631595393029801
  }
}